seed,sample,ranking_score
1,0,0.2723314038781755
1,1,0.26397959441882224
1,2,0.2743423426236674
1,3,0.2742508021397965
1,4,0.27341587689848407
2,0,0.2794275054118552
2,1,0.30172044357926103
2,2,0.3017994015035116
2,3,0.3014843791184502
2,4,0.2627059583727564
